{"cameraMode":{"drawMode":0,"name":"Shaded","section":"Shading Mode"},"sceneLighting":false,"audioPlay":false,"sceneViewState":{"showFog":true,"showMaterialUpdate":false,"showSkybox":false,"showFlares":true,"showImageEffects":true,"showParticleSystems":true},"in2DMode":false,"pivot":{"x":-0.47391772270202639,"y":0.8536812663078308,"z":9.046354293823243},"rotation":{"x":-0.017708489671349527,"y":0.8969595432281494,"z":-0.44028228521347048,"w":-0.036076389253139499},"size":5.361331462860107,"orthographic":false}